"1","Fresh Capsicum","We are committed to sustainable farming practices, utilizing environmentally friendly methods to grow our capsicums, reducing carbon footprint.","simple","1 KG","1000","99","4","3.8","5","","","","","","","1","1","","","VEG01","","in_stock","Farm-Fresh Green Capsicum","18","8","","","","1","1","1","1","1","fresh-capsicum","1","3","1","1","2023-08-24T08:52:33.000000Z","2","","","","","564.89","[0,0,0,0,0]","",""
"2","Handpicked Tomatoes","From salads to sauces, our tomatoes can be used in various recipes, providing customers with a versatile ingredient for their culinary creations. We prioritize delivering tomatoes that are freshly harvested, ensuring customers receive the highest level of freshness and taste.","simple","2 KG","2000","49","8","8","","","","","","","","1","1","","","VEG02","","in_stock","Handpicked Tomatoes","42","42","","","","1","1","1","1","1","handpicked-tomatoes","1","3","1","1","2023-08-24T09:07:01.000000Z","2","","","","","564.89","[0,0,0,0,0]","",""
"3","Deliciously Ripe Peach","Incorporate our Deliciously Ripe Peaches into your healthy lifestyle or relish them as an occasional indulgence. Whichever way you choose to enjoy them, be prepared for a symphony of flavors that celebrate the natural goodness of this summer fruit.","simple","3 KG","3000","54","9","8.55","5","","","","","","","1","1","","","FRUIT01","","in_stock","Deliciously Ripe Peach","35","35","","","","1","1","1","1","1","deliciously-ripe-peach","1","4","1","1","2023-08-24T09:12:12.000000Z","2","","","","","733.91","[0,0,0,0,0]","",""
"4","Premium Organic Onion","Our premium organic onions are certified to be free from synthetic fertilizers, pesticides, and genetic modification, ensuring a healthier and safer choice for consumers.","simple","3 KG","3000","55","10","9.9","1","","","","","","","1","1","","","VEG03","","in_stock","Premium Organic Onion","48","","","","","1","1","1","1","1","premium-organic-onion","1","3","1","1","2023-08-24T09:23:16.000000Z","","","","","","","[0,0,0,0,0]","",""
"5","Superior Quality Amla","Nutrient-Rich Superfood: Amala is packed with essential nutrients, vitamins, and minerals, making it a highly nutritious addition to anyone's diet.","simple","5 KG","1500","27","7","6.72","4","","","","","","","1","1","","","FRUIT02","","in_stock","Superior Quality Amla","52","52","","","","1","1","1","1","1","superior-quality-amla","1","4","1","1","2023-08-24T09:28:03.000000Z","","","","","","","[0,0,0,0,0]","",""
"6","Gourmet Organic Cabbage","Our gourmet organic cabbage is carefully cultivated to ensure the highest quality and freshness for our customers. Packed with essential vitamins and minerals, our organic cabbage offers a healthy addition to any diet.","simple","1 KG","1000","59","3","3","","","","","","","","1","1","","","VEG04","1","in_stock","Gourmet Organic Cabbage","14","14","","","","1","1","1","1","1","gourmet-organic-cabbage","1","3","1","1","2023-08-24T09:29:22.000000Z","2","","","","","564.89","[0,0,0,0,0]","",""
"7","Naturally Grown Beetroot","Our beetroot contains natural nitrates that help lower blood pressure, promoting cardiovascular health and attracting health-conscious customers.","simple","2 KG","2000","65","6","5.88","2","","","","","","","1","1","","","VEG05","","in_stock","Naturally Grown Beetroot","12","","","","","1","1","1","1","1","naturally-grown-beetroot","1","3","1","1","2023-08-24T09:35:35.000000Z","","","","","","","[0,0,0,0,0]","",""
"8","Nature's Sweet Banana","Nutrient-rich: Packed with essential vitamins, minerals, and dietary fiber, our bananas offer a healthy and nutritious choice for consumers.","simple","6 KG","2400","11","60","55.8","7","","","","","","","1","1","","","FRUIT03","","in_stock","Nature's Sweet Banana","55","55","","","","1","1","1","1","1","nature-s-sweet-banana","1","4","1","1","2023-08-24T09:43:21.000000Z","2","","","","","733.91","[0,0,0,0,0]","",""
"9","Nutrient-Rich Eggplant","Our eggplants are carefully packed to ensure an extended shelf life, allowing customers to enjoy their freshness for longer periods.","simple","3 KG","3000","62","9","8.55","5","","","","","","","1","1","","","VEG06","","in_stock","Nutrient-Rich Eggplant","26","26","","","","1","1","1","1","1","nutrient-rich-eggplant","1","3","1","1","2023-08-24T09:46:10.000000Z","6","2","","","4","815.83","[0,0,1,0,1]","",""
"10","Juicy Green Kiwi","Great Taste: Our Kiwi is incredibly delicious, with a perfect balance of sweetness and tanginess that will leave your taste buds craving for more.","simple","7 KG","2500","6","25","12.5","50","","","","","","","1","1","","","FRUIT04","","in_stock","Juicy Green Kiwi","63","","","","","1","1","1","1","1","juicy-green-kiwi","1","4","1","1","2023-08-24T09:51:33.000000Z","6","2","","","3.5","1103.09","[0,1,0,0,1]","",""
"11","Fresh Organic Garlic","Rich in antioxidants and known for its potential immune-boosting properties, our fresh organic garlic offers various health benefits for consumers.","simple","1 KG","1000","67","4","3.2","20","","","","","","","1","1","","","VEG07","","in_stock","Fresh Organic Garlic","33","33","","","","1","1","1","1","1","fresh-organic-garlic","1","3","1","1","2023-08-24T09:56:27.000000Z","6","2","","","2","383.37","[1,0,1,0,0]","",""
"12","Organic Oranges","Premium Quality: Our oranges are sourced from the finest orchards, ensuring you receive the freshest and highest quality fruit.","classified","1 KG","2500","9","3","2.79","7","1","","","","","","1","1","","","FRUIT05","1","in_stock","Organic Oranges","65","65","","","","","1","1","1","1","organic-oranges","1","4","1","1","2023-08-24T10:02:12.000000Z","6","2","","","3.5","1103.09","[0,1,0,0,1]","[15,6,9,3,20,43]",""
"13","Nourishing Peas","Our Nourishing Peas are sourced from premium suppliers, ensuring superior quality for our customers.","simple","4 KG","4000","77","12","10.56","12","","","","","","","1","1","","","VEG08","","in_stock","Nourishing Peas","70","70","","","","1","1","1","1","1","nourishing-peas","1","3","1","1","2023-08-24T10:06:59.000000Z","6","2","","","1.5","383.37","[1,1,0,0,0]","",""
"14","Freshly Picked Durian","Bursting with vitamins and minerals, our Freshly Picked Durian provides a healthy and nutritious snack option for those conscious about their well-being.","simple","2 KG","2000","75","5.5","5.23","5","","","","","","","1","1","","","VEG09","","in_stock","Freshly Picked Durian","25","25","","","","1","1","1","1","1","freshly-picked-durian","1","3","1","1","2023-08-24T10:15:47.000000Z","","","","","","","[0,0,0,0,0]","",""
"15","Premium Organic Pumpkin","Our Premium Organic Pumpkin has received glowing reviews from satisfied customers, highlighting its taste, quality, and health benefits.","simple","2 KG","2000","76","6.5","5.2","20","","","","","","","1","1","","","VEG10","","in_stock","Premium Organic Pumpkin","77","75","","","","1","1","1","1","1","premium-organic-pumpkin","1","3","1","1","2023-08-24T10:21:58.000000Z","8","3","","","3.6666666666667","853.11","[1,0,0,0,2]","",""
"16","Fresh Pear","They have been linked to a number of health benefits, including improved digestion, heart health, and blood sugar control.","simple","3 KG","3000","4","6","4.8","20","","","","","","","1","1","","","FRUIT06","","in_stock","Fresh Pear","83","83","","","","1","1","1","1","1","fresh-pear","1","4","1","1","2023-08-24T10:32:27.000000Z","6","2","","","4","1084.82","[0,0,1,0,1]","",""
"17","Palm Bliss Unleashed","Wide Range of Flavors : Plam offre a diverse range of flavors to cater to all taste preferences, providing something for everyone.","simple","4 KG","1400","5","8","7.36","8","","","","","","","1","1","","","FRUIT07","","in_stock","Palm Bliss Unleashed","87","87","","","","1","1","1","1","1","palm-bliss-unleashed","1","4","1","1","2023-08-24T10:38:05.000000Z","8","3","","","3.3333333333333","670.91","[0,1,1,0,1]","",""
"18","Deliciously Sweet Watermelon","Juicy and sweet: Experience the perfect balance of juiciness and sweetness with our watermelons, making every bite a delightful and refreshing experience.","classified","1 KG","1000","9","6","5.46","9","1","","","","1","","1","1","2023-9-12","2023-10-31","FRUIT08","1","in_stock","Deliciously Sweet Watermelon","100","100","","Your order is likely to reach you within 5 to 10 days","This product is non-returnable.","","1","1","1","1","deliciously-sweet-watermelon","1","4","1","1","2023-08-25T01:06:38.000000Z","13","5","","","3.4","1664.94","[1,1,0,1,2]","[20,5,14,10,15,1]","[8,10,19]"
"19","Deliciously Sweet Strawberry","Premium Quality: Our strawberries are carefully selected for their exceptional taste and freshness, ensuring a premium quality product that sets us apart from the competition.","simple","4 KG","1700","7","7","6.37","9","1","","","","","","1","1","2023-9-23","2023-10-24","FRUIT09","","in_stock","Deliciously Sweet Strawberry","93","93","","","","","1","1","1","1","deliciously-sweet-strawberry","1","4","1","1","2023-08-25T01:12:48.000000Z","10","2","","","5","1404.82","[0,0,0,0,2]","",""
"20","Gourmet Fresh Pomegranate","Naturally sweet and juicy: Each pomegranate offers a burst of sweet and refreshing flavor, making it a delightful snack or a perfect addition to refreshing beverages.","simple","5 KG","1000","12","5","4.65","7","","","","","","","1","1","","","FRUIT10","","in_stock","Gourmet Fresh Pomegranate","90","89","","","","1","1","1","1","1","gourmet-fresh-pomegranate","1","4","1","1","2023-08-25T01:32:12.000000Z","2","","","","","733.91","[0,0,0,0,0]","",""
"21","Probiotic Rich Yogurt","Packed with live and active cultures, our yogurt promotes a healthy gut and supports a strong immune system, making it an excellent choice for health-conscious individuals.","simple","10 Pieces","100","5","4","3.68","8","","","","","","","1","1","","","GROC01","","in_stock","Probiotic Rich Yogurt","146","146","","","","1","1","1","1","1","probiotic-rich-yogurt","1","2","1","1","2023-08-25T09:30:58.000000Z","2","","","","","602.52","[0,0,0,0,0]","",""
"22","Delicious Cupcakes","The perfect treat for any occasion. They're small and easy to share, and they come in a variety of flavors to satisfy everyone's taste buds.","simple","3 Pieces","250","59","5","4.7","6","","","","","","","1","1","","","GROC02","","in_stock","Delicious Cupcakes","151","151","","","","1","1","1","1","1","delicious-cupcakes","1","2","1","1","2023-08-25T09:31:12.000000Z","2","","","","","602.52","[0,0,0,0,0]","",""
"23","Gourmet Paneer Cubes","Paneer is a great source of protein, making our gourmet cubes an ideal choice for health-conscious customers looking to maintain a balanced diet.","simple","2 KG","500","8","9","8.55","5","","","","","","","1","1","","","GROC03","","in_stock","Gourmet Paneer Cubes","162","162","","","","1","1","1","1","1","gourmet-paneer-cubes","1","2","1","1","2023-08-25T09:40:34.000000Z","","","","","","","[0,0,0,0,0]","",""
"24","Creamy Cheeese Perfection","Our cheese is made with the finest milk from happy cows, and it's aged to perfection for a rich, complex flavor. Whether you're a cheese connoisseur or just starting out, you'll love our delicious selection.","simple","0.5 KG","500","50","8","7.96","","","","","","","","1","1","","","GROC04","","in_stock","Creamy Cheeese Perfection","154","","","","","1","1","1","1","1","creamy-cheeese-perfection","1","2","1","1","2023-08-25T09:42:44.000000Z","","","","","","","[0,0,0,0,0]","",""
"25","Nutrient-packed Bread","Nutrient-packed Bread offers a wide array of essential vitamins and minerals, promoting a healthier lifestyle for individuals seeking balanced nutrition.","simple","3 KG","300","5","8","7.6","5","","","","","","","1","1","","","GROC05","","in_stock","Nutrient-packed Bread","165","165","","","","1","1","1","1","1","nutrient-packed-bread","1","2","1","1","2023-08-25T09:47:12.000000Z","","","","","","","[0,0,0,0,0]","",""
"26","Crispy Potato Chips","These chips are made with only the freshest potatoes, and they're cooked to perfection for a crispy, crunchy snack that you'll love. They're also gluten-free and vegan, so everyone can enjoy them.","simple","5 Packets","400","44","6.5","5.85","10","","","","","","","1","1","","","GROC06","","in_stock","Crispy Potato Chips","170","170","","","","1","1","1","1","1","crispy-potato-chips","1","2","1","1","2023-08-25T09:49:30.000000Z","2","","","","","602.52","[0,0,0,0,0]","",""
"27","Delicious Biscuits","They're so good, they'll make you feel like you're basking in the sunshine on a warm summer day. The sweetness of the sugar and the richness of the butter combine to create a flavor that's both addictive and comforting.","simple","2 Packets","300","30","10","8.5","15","","","","","","","1","1","","","GROC08","1","in_stock","Delicious Biscuits","181","","","","","1","","1","1","1","delicious-biscuits","1","2","1","1","2023-08-25T09:52:17.000000Z","","","","","","","[0,0,0,0,0]","[22,26,41,38,28,40]",""
"28","Deliciously Premium Nachos","Our nachos can be enjoyed by themselves or paired with various dips, salsas, or cheese for added flavour.","simple","3 Packets","350","8","5","4.65","7","","","","","","","1","1","","","GROC07","","in_stock","Deliciously Premium Nachos","176","176","","","","1","1","1","1","1","deliciously-premium-nachos","1","2","1","1","2023-08-25T09:55:12.000000Z","","","","","","","[0,0,0,0,0]","",""
"29","Sweet Chocolate Treat","This decadent treat is made with the finest ingredients, including rich chocolate mousse, creamy chocolate ganache, and crunchy chocolate chips. It's topped with a chocolate candy bow for a touch of sweetness.","simple","2 Pieces","200","198","2","2","","","","","","","1","1","1","","","GROC10","","in_stock","Sweet Chocolate Treat","190","190","","","","1","1","1","1","1","sweet-chocolate-treat","1","2","1","1","2023-08-25T10:00:11.000000Z","3","","","","","663.04","[0,0,0,0,0]","",""
"30","Farm-Fresh Milk","Whether you want to enjoy a glass of cold milk, make delicious smoothies, or use it for cooking and baking, our milk is perfect for all your culinary needs.","simple","3 Ltr","3000","200","3","2.82","6","","","","","","","1","1","","","GROC09","","in_stock","Farm-Fresh Milk","187","","","","","1","1","1","1","1","farm-fresh-milk","1","2","1","1","2023-08-25T10:02:27.000000Z","","","","","","","[0,0,0,0,0]","",""
"31","Pastry Delight","ndulge your sweet tooth with Pastry Delight, the ultimate pastry cookbook for home bakers of all levels. With over 100 recipes for cakes, pies, cookies, and more, you're sure to find something to tempt your taste buds.","simple","5 Pieces","350","49","6","5.4","10","","","","","","","","1","","","GROC12","","in_stock","Pastry Delight","197","197","","","","1","1","1","1","1","pastry-delight","1","2","1","1","2023-08-25T10:06:24.000000Z","1","","","","","60.52","[0,0,0,0,0]","",""
"32","Fresh and Pure Oil","We prioritize the freshness of our oil, ensuring that every bottle delivers the highest quality and flavor for our customers' satisfaction.","classified","1 Ltr","4000","20","9","8.55","5","","","","","1","","","1","2023-8-1","2024-8-1","GROC11","","in_stock","Fresh and Pure Oil","201","201","","","","","","","","","fresh-and-pure-oil","1","2","1","1","2023-08-25T10:10:06.000000Z","4","","","","","707.27","[0,0,0,0,0]","",""
"33","Refreshing Cold Drinks","Our cold drinks are made with only the freshest ingredients, so you can be sure they're both delicious and nutritious. They're also a great source of hydration, so they're perfect for staying cool and refreshed all summer long.","simple","3 Cans","350","100","4","3.4","15","","","","","","","","1","","","GROC14","","in_stock","Refreshing Cold Drinks","210","210","","","","1","1","1","1","1","refreshing-cold-drinks","1","2","1","1","2023-08-25T10:12:51.000000Z","","","","","","","[0,0,0,0,0]","",""
"34","Pure and Natural Curd","Packed with essential nutrients like calcium and protein, our curd offers a healthy option for consumers looking to maintain a balanced diet.","simple","6 Packets","400","400","3","2.82","6","","","","","","","1","1","","","GROC13","","in_stock","Pure and Natural Curd","206","206","","","","1","1","1","1","1","pure-and-natural-curd","1","2","1","1","2023-08-25T10:18:24.000000Z","","","","","","","[0,0,0,0,0]","",""
"35","Nutritious Ghee","Nutritious Ghee adds a rich and irresistible taste to any dish, elevating the overall dining experience for customers.","simple","1 KG","1000","60","10","9.5","5","","","","","","","","1","","","GROC16","","in_stock","Nutritious Ghee","220","220","","","","1","1","1","1","1","nutritious-ghee","1","2","1","1","2023-08-26T07:26:21.000000Z","","","","","","","[0,0,0,0,0]","",""
"36","Epicurean Delight Butter","Our butter is made from the finest ingredients, ensuring a smooth and rich taste that meets the highest quality standards","simple","5 KG","5000","399","7","6.58","6","","","","","","","1","1","","","GROC15","","in_stock","Epicurean Delight Butter","215","215","","","","1","1","1","1","1","epicurean-delight-butter","1","2","1","1","2023-08-26T07:28:29.000000Z","1","","","","","60.52","[0,0,0,0,0]","",""
"37","Organic Long Grain Rice","Our rice features long, slender grains that cook up fluffy and separate, perfect for a wide range of dishes","simple","7 KG","4000","599","8","7.2","10","","","","","","","","1","","","GROC17","","in_stock","Organic Long Grain Rice","229","229","","","","1","1","1","1","1","organic-long-grain-rice","1","2","1","1","2023-08-26T07:59:30.000000Z","1","","","","","60.52","[0,0,0,0,0]","",""
"38","Premium Quality Jam","Our jam is not just limited to spreading on toast; it can be used as a topping for desserts, a filling for pastries, or even added to savory dishes for a unique touch.","simple","1 Jar","450","700","9","7.92","12","","","","","","","","1","","","GROC19","","in_stock","Premium Quality Jam","224","224","","","","1","1","1","1","1","premium-quality-jam","1","2","1","1","2023-08-26T08:04:56.000000Z","","","","","","","[0,0,0,0,0]","",""
"39","Sweet Delights","Made with carefully selected, high-quality ingredients, Sweet Delights are not only delicious but also a guilt-free indulgence for health-conscious consumers.","simple","10 Pieces","400","39","8","8","","","","","","","","","1","","","GROC18","","in_stock","Sweet Delights","233","233","","","","1","1","1","1","1","sweet-delights","1","2","1","1","2023-08-26T08:07:17.000000Z","1","","","","","60.52","[0,0,0,0,0]","",""
"40","Delicious Exquisite Cake","Our cake is made with only the finest ingredients, ensuring a delicious and exquisite taste.","simple","2 KG","1000","38","20","15","25","","","","","","","","1","","","GROC21","","in_stock","Delicious Exquisite Cake","241","241","","","","1","1","1","1","1","delicious-exquisite-cake","1","2","1","1","2023-08-26T08:10:15.000000Z","3","","","","","663.04","[0,0,0,0,0]","",""
"41","Gourmet Buns","Our buns can be used for a variety of purposes, such as sandwiches, burgers, or as a side dish, making them a versatile choice for any meal.","simple","2 Packets `","150","49","5","4.6","8","","","","","","","","1","","","GROC20","","in_stock","Gourmet Buns","251","251","","","","1","1","1","1","1","gourmet-buns","1","2","1","1","2023-08-26T08:11:34.000000Z","2","","","","","602.52","[0,0,0,0,0]","",""
"42","Health and Superior Jalapeno","Highlight that jalapenos can be used in various recipes, adding a spicy kick to dishes and enhancing their flavor.","simple","1 Jar","250","200","10","8.9","11","","","","","","","","1","","","GROC23","","in_stock","Health and Superior Jalapeno","246","246","","","","1","1","1","1","1","health-and-superior-jalapeno","1","2","1","1","2023-08-26T08:15:33.000000Z","","","","","","","[0,0,0,0,0]","",""
"43","Farm-fresh Mushrooms","Whether used in salads, stir-fries, soups, or as a meat substitute, our mushrooms offer endless culinary possibilities.","simple","0.5 KG","500","48","5","4.25","15","","","","","","","","1","","","GROC22","","in_stock","Farm-fresh Mushrooms","259","259","","","","1","1","1","1","1","farm-fresh-mushrooms","1","2","1","1","2023-08-26T08:17:07.000000Z","3","","","","","663.04","[0,0,0,0,0]","",""
"44","Delicious Healthy Cookies","Emphasize the nutritional benefits of our cookies, such as being rich in fiber, low in sugar, and free from artificial additives, making them an ideal snack option.","simple","2 Packets","200","158","9","8.01","11","","","","","","","","1","","","GROC25","","in_stock","Delicious Healthy Cookies","242","242","","","","1","1","1","1","1","delicious-healthy-cookies","1","2","1","1","2023-08-26T08:21:34.000000Z","3","","","","","663.04","[0,0,0,0,0]","",""
"45","Premium Seafood","Our Premium Seafood undergoes rigorous quality checks to guarantee that only the finest cuts make it to your plate, promising a truly indulgent dining experience.","simple","10 Pieces","500","49","7","7","","","","","","","","","1","","","GROC24","","in_stock","Premium Seafood","261","261","","","","1","1","1","1","1","premium-seafood","1","2","1","1","2023-08-26T08:21:40.000000Z","2","","","","","602.52","[0,0,0,0,0]","",""
"47","Premium Comfort Bean Bag","Our premium bean bag offers unparalleled comfort, allowing customers to sink in and relax after a long day. Made with high-quality materials, our bean bag is built to last, ensuring customers can enjoy its comfort for years to come.","simple","1 Item","500","20","16","14.4","10","","","","","","","1","1","","","FURN02","","in_stock","Premium Comfort Bean Bag","428","428","","","","1","1","1","1","1","premium-comfort-bean-bag","1","7","1","1","2023-09-01T08:35:34.000000Z","","","","","","","[0,0,0,0,0]","",""
"49","Efficient and Stylish Basket","Large Capacity: With its spacious design, our basket offers ample room for all your belongings, making it ideal for various purposes.","simple","1 Item","750","17","15","13.5","10","","","","","","","1","1","","","FURN01","","in_stock","Efficient and Stylish Basket","419","419","","","","1","1","1","1","1","efficient-and-stylish-basket","1","7","1","1","2023-09-01T08:36:55.000000Z","","","","","","","[0,0,0,0,0]","",""
"50","Luxurious and Adjustable Chair","Our luxurious chair is designed with high-quality padding and ergonomic features to provide exceptional comfort throughout the day.","simple","1 Item","1000","29","20","19","5","","","","","","","1","1","","","FURN03","","in_stock","Luxurious and Adjustable Chair","436","436","","","","1","1","1","1","1","luxurious-and-adjustable-chair","1","7","1","1","2023-09-01T08:50:51.000000Z","","","","","","","[0,0,0,0,0]","",""
"53","Trendy Home Decor","With our extensive collection of home decor items, customers have a vast selection to choose from, allowing them to find the perfect pieces that suit their style and preferences.","simple","1 Item","500","25","25","22.5","10","","","","","","","1","1","","","FURN04","","in_stock","Trendy Home Decor","444","444","","","","1","1","1","1","1","trendy-home-decor","1","7","1","1","2023-09-01T08:58:00.000000Z","2","","","","","558.4","[0,0,0,0,0]","",""
"55","High-Quality Ceilings Light","Our ceilings light boasts a versatile design that seamlessly complements any interior decor, making it suitable for a wide range of applications.  Designed with energy-saving technology, our ceilings light consumes minimal electricity while delivering maximum brightness, helping customers save on their electricity bills.","simple","1 Item","480","28","19","16.91","11","","","","","","","1","1","","","FURN05","","in_stock","High-Quality Ceilings Light","463","463","","","","1","1","1","1","1","high-quality-ceilings-light","1","7","1","1","2023-09-01T09:04:01.000000Z","","","","","","","[0,0,0,0,0]","",""
"57","Comfortable Morden Chair","The chair's sleek and modern design adds a touch of sophistication to any space, making it a perfect addition to both home and office environments.","simple","1 Item","1200","19","27","23.22","14","","","","","","","1","1","","","FURN06","","in_stock","Comfortable Morden Chair","472","472","","","","1","1","1","1","1","comfortable-morden-chair","1","7","1","1","2023-09-01T09:19:43.000000Z","","","","","","","[0,0,0,0,0]","",""
"59","Luxurious Contoured Pillow","The luxurious contoured pillow is expertly crafted with an ergonomic design that provides optimal support and comfort for a restful sleep.","simple","1 Item","200","28","20","17","15","","","","","","","1","1","","","FURN07","","in_stock","Luxurious Contoured Pillow","488","488","","","","1","1","1","1","1","luxurious-contoured-pillow","1","7","1","1","2023-09-01T09:25:05.000000Z","","","","","","","[0,0,0,0,0]","",""
"60","Stylish and Durable Sofa","Our sofa is built using premium materials and expert craftsmanship, ensuring durability and longevity.","simple","1 Item","4000","19","40","36.8","8","","","","","","","1","1","","","FURN08","","in_stock","Stylish and Durable Sofa","587","587","","","","1","1","1","1","1","stylish-and-durable-sofa","1","7","1","1","2023-09-04T09:35:35.000000Z","","","","","","","[0,0,0,0,0]","",""
"61","Modern and Functional Table","Crafted with high-quality materials, this table offers exceptional durability and can withstand daily use.","simple","1 Item","2500","45","35","31.85","9","","","","","","","1","1","","","FURN09","","in_stock","Modern and Functional Table","592","592","","","","1","1","1","1","1","modern-and-functional-table","1","7","1","1","2023-09-04T09:57:06.000000Z","","","","","","","[0,0,0,0,0]","",""
"64","Elegant Wall Watch","The elegant design of our Wall Watch makes it a perfect addition to any room, adding a touch of sophistication to your home decor.","simple","1 Item","680","30","20","18.2","9","","","","","","","1","1","","","FURN10","","in_stock","Elegant Wall Watch","603","603","","","","1","1","1","1","1","elegant-wall-watch","1","7","1","1","2023-09-04T10:12:12.000000Z","","","","","","","[0,0,0,0,0]","",""
"69","Elegant and Durable Bed","The bed is built with a robust frame that provides exceptional stability and support for a peaceful sleep.","simple","1 Item","4000","20","50","46.5","7","","","","","","","1","1","","","FURN11","","in_stock","Elegant and Durable Bed","618","618","","","","1","1","1","1","1","elegant-and-durable-bed","1","7","1","1","2023-09-04T11:48:03.000000Z","","","","","","","[0,0,0,0,0]","",""
"70","Premium Hanging Name Plate","The Premium Hanging Name Plate is crafted with high-quality materials, ensuring long-lasting use.","simple","1 Item","290","29","15","13.5","10","","","","","","1","","1","","","FURN12","","in_stock","Premium Hanging Name Plate","658","658","","","","1","1","1","1","1","premium-hanging-name-plate","1","7","1","1","2023-09-04T11:59:24.000000Z","","","","","","","[0,0,0,0,0]","",""
"72","High-Quality Bookshelves","Our bookshelves are designed to enhance the aesthetics of any room, adding a touch of sophistication and style.","simple","1 Item","3000","30","40","36.4","9","","","","","","1","1","1","","","FURN13","1","in_stock","High-Quality Bookshelves","696","696","","Expect your delivery between 5 and 7 days.","Hassle free 7, 15 and 30 days return might be available.","1","","1","1","1","high-quality-bookshelves","1","7","1","1","2023-09-05T09:08:24.000000Z","","","","","","","[0,0,0,0,0]","[50,60,55,64,69,84]","[135,61,50]"
"74","Versatile and Functional Cupboard","The adjustable shelves allow you to customize the interior space according to your specific storage requirements, providing flexibility and convenience.","simple","1 Item","3500","37","54","43.2","20","","","","","","","1","1","","","FURN14","","in_stock","Versatile and Functional Cupboard","699","699","","","","1","1","1","1","1","versatile-and-functional-cupboard","1","7","1","1","2023-09-05T09:15:24.000000Z","","","","","","","[0,0,0,0,0]","",""
"77","Top-notch Door","Our door is crafted with premium materials and expert craftsmanship, ensuring durability and long-lasting performance.","simple","1 Item","3200","25","39","35.1","10","","","","","","","1","1","","","FURN15","","in_stock","Top-notch Door","718","718","","","","1","1","1","1","1","top-notch-door","1","7","1","1","2023-09-05T09:23:10.000000Z","","","","","","","[0,0,0,0,0]","",""
"79","Versatile Side Board","Crafted from high-quality materials, this side board is built to last, providing you with long-lasting functionality and reliability.","simple","1 Item","3400","26","36","29.52","18","","","","","","","1","1","","","FURN16","","in_stock","Versatile Side Board","732","732","","","","1","1","1","1","1","versatile-side-board","1","7","1","1","2023-09-05T09:46:33.000000Z","","","","","","","[0,0,0,0,0]","",""
"81","Luxurious Microfiber Towel","Our microfiber towel is incredibly lightweight and compact, making it easy to carry and store, whether you're hitting the gym, going camping, or traveling.","simple","1 Item","290","34","10","9.5","5","","","","","","","1","1","","","FURN17","","in_stock","Luxurious Microfiber Towel","743","743","","","","1","1","1","1","1","luxurious-microfiber-towel","1","7","1","1","2023-09-05T09:52:33.000000Z","","","","","","","[0,0,0,0,0]","",""
"83","Sleek and Durable Tray","The tray comes in a beautifully designed package, making it an excellent gift choice for various occasions.","simple","1 Item","200","25","17","13.6","20","","","","","","","1","1","","","FURN18","","in_stock","Sleek and Durable Tray","758","758","","","","1","1","1","1","1","sleek-and-durable-tray","1","7","1","1","2023-09-05T10:09:15.000000Z","","","","","","","[0,0,0,0,0]","",""
"84","Organic Wood Dish","Made from sustainable wood sources, our dish is a perfect choice for environmentally conscious consumers.","simple","1 Item","110","23","8","7.84","2","","","","","","","1","1","","","FURN19","","in_stock","Organic Wood Dish","763","763","","","","1","1","1","1","1","organic-wood-dish","1","7","1","1","2023-09-05T10:13:45.000000Z","","","","","","","[0,0,0,0,0]","",""
"85","Elegant Dining Table","The versatile design of our dining table allows it to seamlessly blend with various interior styles, making it a perfect addition to any home or office space.","simple","1 Item","4700","28","40","30.4","24","","","","","","","1","1","","","FURN20","","in_stock","Elegant Dining Table","768","768","","","","1","1","1","1","1","elegant-dining-table","1","7","1","1","2023-09-05T10:20:43.000000Z","","","","","","","[0,0,0,0,0]","",""
"106","Beige Compact Powder","Whether you prefer light or full coverage, our compact powder can be layered to suit your desired level of perfection, ensuring a flawless appearance.","simple","1 Item","200","48","40","32","20","","","","","","","1","1","","","BEAU01","","in_stock","Beige Compact Powder","860","860","","","","1","1","1","1","1","beige-compact-powder","1","12","1","1","2023-09-07T06:18:28.000000Z","","","","","","","[0,0,0,0,0]","",""
"107","Advanced Formula Concealer","Achieve a professional-looking finish with our advanced formula concealer, providing excellent coverage for any skin imperfections.","simple","1 Item","140","49","30","24","20","","","","","","","1","1","","","BEAU02","","in_stock","Advanced Formula Concealer","878","878","","","","1","1","1","1","1","advanced-formula-concealer","1","12","1","1","2023-09-07T06:18:51.000000Z","","","","","","","[0,0,0,0,0]","",""
"108","Back to Basics Eyeshadow Palette","Each eyeshadow in our palette is formulated with intense pigmentation, providing professional-grade color payoff that lasts all day.","simple","1 Item","200","200","50","40","20","","","","","","","1","1","","","BEAU03","","in_stock","Back to Basics Eyeshadow Palette","882","882","","","","1","1","1","1","1","back-to-basics-eyeshadow-palette","1","12","1","1","2023-09-07T06:25:37.000000Z","","","","","","","[0,0,0,0,0]","",""
"109","Liquid Eyeliner","Our liquid eyeliner is designed to stay put all day, ensuring your customers' eyes stay beautifully defined from morning to night.","simple","1 Item","120","290","45","31.5","30","","","","","","","1","1","","","BEAU04","","in_stock","Liquid Eyeliner","885","885","","","","1","1","1","1","1","liquid-eyeliner","1","12","1","1","2023-09-07T06:57:44.000000Z","","","","","","","[0,0,0,0,0]","",""
"110","Perfecting Liquid Foundation","Our Perfecting Liquid Foundation offers impeccable coverage, concealing any imperfections on the skin for a flawless complexion.","simple","1 Item","300","150","49","37.73","23","","","","","","","1","1","","","BEAU05","","in_stock","Perfecting Liquid Foundation","890","890","","","","1","1","1","1","1","perfecting-liquid-foundation","1","12","1","1","2023-09-07T07:07:54.000000Z","","","","","","","[0,0,0,0,0]","",""
"111","Pet Treats","Our treats are made from all-natural ingredients, free from any artificial additives or preservatives, making them a healthier choice for your pets.","simple","2 Packets","3000","100","7","6.97","","","","","","","1","","1","","","PET01","","in_stock","Pet Treats","900","900","","","","1","1","1","1","1","pet-treats","1","6","1","1","2023-09-08T02:13:12.000000Z","","","","","","","[0,0,0,0,0]","",""
"112","Matte Lipstick","Our matte lipstick is designed to be smudge-proof and transfer-resistant, ensuring that your vibrant lip color stays intact without any mess.","simple","1 Item","140","230","56","42.56","24","","","","","","","1","1","","","BEAU06","","in_stock","Matte Lipstick","897","897","","","","1","1","1","1","1","matte-lipstick","1","12","1","1","2023-09-08T02:13:44.000000Z","","","","","","","[0,0,0,0,0]","",""
"113","Premium Moisturizing Lotion","The fast-absorbing formula ensures that the lotion is quickly absorbed into the skin without leaving any greasy residue.","simple","1 Item","400","270","38","35.34","7","","","","","","","1","1","","","BEAU07","","in_stock","Premium Moisturizing Lotion","905","905","","","","1","1","1","1","1","premium-moisturizing-lotion","1","12","1","1","2023-09-08T02:17:53.000000Z","","","","","","","[0,0,0,0,0]","",""
"114","Professional Makeup Artistry","The brush features densely packed bristles that allow for precise and smooth application of makeup, ensuring flawless results every time.","simple","1 Item","120","200","30","28.8","4","","","","","","","1","1","","","BEAU08","","in_stock","Professional Makeup Artistry","913","913","","","","1","1","1","1","1","professional-makeup-artistry","1","12","1","1","2023-09-08T02:23:16.000000Z","","","","","","","[0,0,0,0,0]","",""
"115","Toy for Dogs","Designed to keep your dog engaged and mentally stimulated, our toy promotes active play and prevents boredom.","simple","1 Item","200","80","2","1.99","","","","","","","1","","1","","","PET02","","in_stock","Toy for Dogs","915","915","","","","1","1","1","1","1","toy-for-dogs","1","6","1","1","2023-09-08T02:25:14.000000Z","","","","","","","[0,0,0,0,0]","",""
"116","Glossy Nail Paint","Our nail paint offers high-quality pigmentation, providing vibrant and intense color payoff with just one coat.","simple","1 Item","129","300","20","18.4","8","","","","","","","1","1","","","BEAU09","","in_stock","Glossy Nail Paint","921","921","","","","1","1","1","1","1","glossy-nail-paint","1","12","1","1","2023-09-08T05:17:27.000000Z","","","","","","","[0,0,0,0,0]","",""
"117","Makeup Blender Sponge","This makeup blender sponge can be used for various makeup products, including foundation, concealer, blush, and more, making it a versatile tool for any makeup routine.","simple","1 Item","70","240","29","27.26","6","","","","","","","1","1","","","BEAU10","","in_stock","Makeup Blender Sponge","926","926","","","","1","1","1","1","1","makeup-blender-sponge","1","12","1","1","2023-09-08T05:30:25.000000Z","","","","","","","[0,0,0,0,0]","",""
"118","Stylish Bag Pack","The Bag Pack's modern design and sleek aesthetic make it a fashionable accessory, appealing to users who value both style and functionality.","simple","1 Item","270","200","20","17.6","12","","","","","","","1","1","","","ACCE02","","in_stock","Stylish Bag Pack","935","935","","","","1","1","1","1","1","stylish-bag-pack","1","13","1","1","2023-09-08T06:54:41.000000Z","","","","","","","[0,0,0,0,0]","",""
"119","Classic Digital Watch","Despite its high-quality build and impressive features, the I-watch is competitively priced, offering exceptional value for customers looking for a cost-effective yet reliable digital watch.","simple","1 Item","480","280","200","140","30","","","","","","","1","1","","","ACCE01","","in_stock","Classic Digital Watch","932","932","","","","1","1","1","1","1","classic-digital-watch","1","13","1","1","2023-09-08T06:54:46.000000Z","","","","","","","[0,0,0,0,0]","",""
"120","Cute Dog Tees","Each Cute Dog Tee is designed with precise measurements to provide a tailored fit, ensuring that your pet looks stylish and feels comfortable.","simple","1 Item","250","90","6","4.8","20","","","","","","1","","1","","","PET03","","in_stock","Cute Dog Tees","945","945","","","","1","1","1","1","1","cute-dog-tees","1","6","1","1","2023-09-08T07:07:21.000000Z","","","","","","","[0,0,0,0,0]","",""
"121","Trendy and Stylish Cap","The cap offers excellent protection from harmful UV rays, shielding your face and eyes from the sun's harmful effects.","simple","1 Item","130","280","17","15.81","7","","","","","","","1","1","","","ACCE03","","in_stock","Trendy and Stylish Cap","1432","1432","","","","1","1","1","1","1","trendy-and-stylish-cap","1","13","1","1","2023-09-08T07:12:50.000000Z","","","","","","","[0,0,0,0,0]","",""
"122","Pet Collar","Our pet collars are made from high-quality materials to ensure durability and longevity, providing customers with a reliable and long-lasting product.","simple","1 Item","350","120","4","4","","","","","","","1","","1","","","PET04","","in_stock","Pet Collar","956","956","","","","1","1","1","1","1","pet-collar","1","6","1","1","2023-09-08T07:15:56.000000Z","","","","","","","[0,0,0,0,0]","",""
"123","Fluffy Pet Bed","Crafted with high-quality materials, our pet bed is durable and long-lasting, guaranteeing a great investment for pet owners.","simple","1 Item","400","70","8","7.2","10","","","","","","1","","1","","","PET05","","in_stock","Fluffy Pet Bed","986","986","","","","1","1","1","1","1","fluffy-pet-bed","1","6","1","1","2023-09-08T07:19:44.000000Z","","","","","","","[0,0,0,0,0]","",""
"124","Premium Sunglasses","We are a reputable brand known for producing high-quality sunglasses, ensuring customers can trust the authenticity and performance of our products.","simple","1 Item","130","450","28","22.96","18","","","","","","","1","1","","","ACCE04","","in_stock","Premium Sunglasses","1424","1424","","","","1","1","1","1","1","premium-sunglasses","1","14","1","1","2023-09-08T07:22:37.000000Z","","","","","","","[0,0,0,0,0]","",""
"125","Feeding Bowls","Our feeding bowls are versatile and can be used for both food and water, offering convenience for pet owners.","simple","1 Item","500","95","9","8.19","9","","","","","","1","","1","","","PET06","1","in_stock","Feeding Bowls","990","990","","","","1","1","1","1","1","feeding-bowls","1","6","1","1","2023-09-08T07:23:48.000000Z","","","","","","","[0,0,0,0,0]","",""
"126","Pet Carriages","Our pet carriages can be used for various purposes, including trips to the vet, walks in the park, or even shopping excursions, offering convenience and versatility to customers.","simple","1 Item","650","70","6","6","","","","","","","1","","1","","","PET07","","in_stock","Pet Carriages","1003","1003","","","","1","1","1","1","1","pet-carriages","1","6","1","1","2023-09-08T07:29:04.000000Z","","","","","","","[0,0,0,0,0]","",""
"127","Portable Pet House","The sleek and modern design of this pet house adds an aesthetic touch to any space, making it an attractive choice for pet owners.","simple","1 Item","800","70","10","10","","","","","","","1","","1","","","PET08","","in_stock","Portable Pet House","1005","1005","","","","1","1","1","1","1","portable-pet-house","1","6","1","1","2023-09-08T07:33:13.000000Z","","","","","","","[0,0,0,0,0]","",""
"128","Wireless Bluetooth Headphones","Our wireless Bluetooth headphones provide crystal clear audio, ensuring an immersive listening experience for customers.","simple","1 Item","350","560","46","33.58","27","","","","","","","1","1","","","ACCE05","","in_stock","Wireless Bluetooth Headphones","1419","1419","","","","1","1","1","1","1","wireless-bluetooth-headphones","1","14","1","1","2023-09-08T07:52:31.000000Z","","","","","","","[0,0,0,0,0]","",""
"129","Breathable Athletic Socks","We have implemented a seamless design in our athletic socks to minimize friction and irritation, enhancing overall comfort and preventing blisters or hot spots.","simple","1 Pair","110","230","29","22.91","21","","","","","","","1","1","","","ACCE06","","in_stock","Breathable Athletic Socks","1410","1410","","","","1","1","1","1","1","breathable-athletic-socks","1","14","1","1","2023-09-08T08:23:03.000000Z","","","","","","","[0,0,0,0,0]","",""
"130","Elegant Men's Purse","The elegant appearance and practicality of our men's purse make it an ideal gift choice for birthdays, holidays, or special occasions.","simple","1 Item","200","269","16","12.32","23","","","","","","","1","1","","","ACCE07","","in_stock","Elegant Men's Purse","1416","1416","","","","1","1","1","1","1","elegant-men-s-purse","1","14","1","1","2023-09-08T08:28:21.000000Z","","","","","","","[0,0,0,0,0]","",""
"131","Fully-automatic Dryer","With a spacious interior, this dryer can accommodate a substantial amount of laundry, making it ideal for families or individuals with heavy laundry needs.","simple","1 Item","6000","149","200","160","20","","","","","","","1","1","","","ELEC01","","in_stock","Fully-automatic Dryer","1404","1404","","","","1","1","1","1","1","fully-automatic-dryer","1","13","1","1","2023-09-08T09:09:31.000000Z","2","","","","","735.76","[0,0,0,0,0]","",""
"132","Stainless Steel Coffee Maker","The elegant stainless steel construction adds a touch of sophistication to any kitchen or office space, making it a perfect addition to your countertop.","simple","1 Item","2300","199","30","27.9","7","","","","","","","1","1","","","ELEC02","","in_stock","Stainless Steel Coffee Maker","1399","1399","","","","1","1","1","1","1","stainless-steel-coffee-maker","1","13","1","1","2023-09-09T09:05:50.000000Z","2","","","","","735.76","[0,0,0,0,0]","",""
"133","Convection Microwave Oven","Whether you want to defrost, bake, roast, grill, or simply reheat leftovers, our oven offers a variety of cooking modes to suit your needs.","simple","1 Item","2300","380","49","42.63","13","","","","","","","1","1","","","ELEC03","","in_stock","Convection Microwave Oven","1397","1397","","","","1","1","1","1","1","convection-microwave-oven","1","13","1","1","2023-09-09T09:09:28.000000Z","","","","","","","[0,0,0,0,0]","",""
"134","Portable LED Projector","The projector's portable design allows for easy transportation and setup, making it perfect for both indoor and outdoor use.","simple","1 Item","1290","230","36","31.68","12","","","","","","","1","1","","","ELEC04","","in_stock","Portable LED Projector","1389","1389","","","","1","1","1","1","1","portable-led-projector","1","13","1","1","2023-09-09T09:15:38.000000Z","","","","","","","[0,0,0,0,0]","",""
"135","Adjustable Desk Lamp","Designed with a non-flickering light source and a glare-free panel, this desk lamp reduces eye strain and provides a comfortable lighting experience for long hours of work or study.","simple","1 Item","260","138","20","15.4","23","","","","","","","1","1","","","ELEC05","","in_stock","Adjustable Desk Lamp","1386","1386","","","","1","1","1","1","1","adjustable-desk-lamp","1","13","1","1","2023-09-09T09:24:08.000000Z","","","","","","","[0,0,0,0,0]","",""
"136","Top-rated Refrigerator","Enjoy ample storage space with this refrigerator's generous capacity, perfect for families or those who like to stock up on groceries.","simple","1 Item","3708","340","58","50.46","13","","","","","","","1","1","","","ELEC06","","in_stock","Top-rated Refrigerator","1379","1379","","","","1","1","1","1","1","top-rated-refrigerator","1","13","1","1","2023-09-09T09:34:59.000000Z","","","","","","","[0,0,0,0,0]","",""
"137","Elegant Wall Clock","The classic and elegant design of our wall clock complements a wide range of interior styles, making it a versatile addition to any room.","simple","1 Item","340","139","14","10.78","23","","","","","","","1","1","","","ELEC07","","in_stock","Elegant Wall Clock","1375","1375","","","","1","1","1","1","1","elegant-wall-clock","1","13","1","1","2023-09-09T09:42:54.000000Z","","","","","","","[0,0,0,0,0]","",""
"138","Training Ball","Suitable for a wide range of sports, including football, basketball, volleyball, and more, making it a versatile choice for athletes of all ages.","simple","1 Item","400","90","3","2.7","10","","","","","","1","","1","","","SPO01","","in_stock","Training Ball","1056","1056","","","","1","1","1","1","1","training-ball","1","14","1","1","2023-09-12T08:46:51.000000Z","","","","","","","[0,0,0,0,0]","",""
"139","Premium Dumbbells","With a wide range of weight options available, our dumbbells allow users to customize their workouts and target different muscle groups.","simple","1 Pair","5000","90","5","4.25","15","","","","","","1","","1","","","SPO02","","in_stock","Premium Dumbbells","1370","1370","","","","","1","1","","","premium-dumbbells","1","14","1","1","2023-09-12T09:05:41.000000Z","","","","","","","[0,0,0,0,0]","",""
"140","Fitness Gloves","With adjustable straps, our gloves offer a secure and customized fit, catering to different hand sizes and ensuring a snug grip.","simple","1 Pair","400","70","4","3.8","5","","","","","","1","","1","","","SPO03","","in_stock","Fitness Gloves","1364","1364","","","","1","1","1","1","1","fitness-gloves","1","14","1","1","2023-09-12T09:10:19.000000Z","","","","","","","[0,0,0,0,0]","",""
"141","Kettlebell Weights","Kettlebell weights offer a wide range of exercises, making them suitable for various workouts and targeting multiple muscle groups.","simple","1 Pair","5000","80","7","6.65","5","","","","","","1","","1","","","SPO04","","in_stock","Kettlebell Weights","1076","1076","","","","1","1","1","1","1","kettlebell-weights","1","14","1","1","2023-09-12T09:15:19.000000Z","","","","","","","[0,0,0,0,0]","",""
"142","Wooden Baseball Bat","The bat features an ergonomic handle grip, providing players with a comfortable and secure hold, promoting better swing mechanics and reducing fatigue.","simple","1 Item","500","80","12","10.8","10","","","","","","1","","1","","","SPO05","","in_stock","Wooden Baseball Bat","1083","1083","","","","1","1","1","1","1","wooden-baseball-bat","1","14","1","1","2023-09-12T09:18:17.000000Z","","","","","","","[0,0,0,0,0]","",""
"143","Premium Hockey Stick","The stick's carefully calibrated flex delivers enhanced puck feel and responsiveness, allowing for improved stick handling skills.","simple","1 Item","450","70","15","14.25","5","","","","","","1","","1","","","SPO06","","in_stock","Premium Hockey Stick","1087","1087","","","","1","1","1","1","1","premium-hockey-stick","1","14","1","1","2023-09-12T09:21:00.000000Z","","","","","","","[0,0,0,0,0]","",""
"144","Roller Skates","Designed with ergonomics in mind, our roller skates offer a comfortable fit that allows users to enjoy extended periods of skating without discomfort or pain.","simple","1 Pair","400","90","18","15.3","15","","","","","","1","","1","","","SPO07","","in_stock","Roller Skates","1090","1090","","","","1","1","1","1","1","roller-skates","1","14","1","1","2023-09-12T09:24:35.000000Z","","","","","","","[0,0,0,0,0]","",""
"145","Lightweight Skateboard","Crafted from top-quality materials, this skateboard offers exceptional durability, ensuring it withstands the test of time and the toughest tricks.","simple","1 Item","450","70","9","9","","","","","","","1","","1","","","SPO08","","in_stock","Lightweight Skateboard","1096","1096","","","","1","1","1","1","1","lightweight-skateboard","1","14","1","1","2023-09-12T09:27:23.000000Z","","","","","","","[0,0,0,0,0]","",""
"146","Diving Flippers","These diving flippers are designed to provide superior propulsion and maneuverability, allowing users to swim faster and dive deeper.","simple","1 Pair","400","70","15","15","","","","","","","1","","1","","","SPO09","","in_stock","Diving Flippers","1103","1103","","","","1","1","1","1","1","diving-flippers","1","14","1","1","2023-09-12T09:30:36.000000Z","","","","","","","[0,0,0,0,0]","",""
"147","Bowling Pins","Our bowling pins feature a textured surface that offers optimal grip, allowing bowlers to achieve better control over their shots.","simple","20 Pins","600","50","18","18","","","","","","","1","","1","","","SPO10","","in_stock","Bowling Pins","1108","1108","","","","1","1","1","1","1","bowling-pins","1","14","1","1","2023-09-12T09:34:45.000000Z","","","","","","","[0,0,0,0,0]","",""
"148","Sports Rackets","With our Sports Rackets, customers can experience improved control and power in their gameplay, enabling them to achieve their best performance on the court.","simple","1 Pair","400","80","6","6","","","","","","","1","","1","","","SPO11","","in_stock","Sports Rackets","1112","1112","","","","1","1","1","1","1","sports-rackets","1","14","1","1","2023-09-12T09:45:02.000000Z","","","","","","","[0,0,0,0,0]","",""
"149","Rugby Ball","The vibrant colors and clear markings on the ball make it highly visible on the field, reducing the chances of losing sight of the ball during gameplay.","simple","","","50","6","6","","","","","","","1","","1","","","SPO12","","in_stock","Rugby Ball","1117","1117","","","","1","1","1","1","1","rugby-ball","1","14","1","1","2023-09-12T09:48:13.000000Z","","","","","","","[0,0,0,0,0]","",""
"150","Sports Helmet","Crafted from high-quality materials, our sports helmet is built to withstand the rigors of intense physical activity, ensuring long-lasting performance.","simple","1 Item","400","60","10","10","","","","","","","1","","1","","","SPO13","","in_stock","Sports Helmet","1122","1122","","","","1","1","1","1","1","sports-helmet","1","14","1","1","2023-09-12T09:50:55.000000Z","","","","","","","[0,0,0,0,0]","",""
"151","Boxing Gloves","The gloves feature a mesh palm area, allowing for better airflow and keeping your hands cool and comfortable during workouts.","simple","1 Pair","300","60","12","10.8","10","","","","","","1","","1","","","SPO14","","in_stock","Boxing Gloves","1125","1125","","","","1","1","1","1","1","boxing-gloves","1","14","1","1","2023-09-12T09:55:21.000000Z","","","","","","","[0,0,0,0,0]","",""
"152","Men Cotton Shorts","The cotton fabric dries quickly, making these shorts ideal for water activities or sweaty workouts.","simple","1 Item","200","167","16","13.92","13","","","","","","","1","1","","","FAS15","","in_stock","Men Cotton Shorts","1351","1351","","","","1","1","1","1","1","men-cotton-shorts","1","15","1","1","2023-09-18T06:47:41.000000Z","","","","","","","[0,0,0,0,0]","",""
"153","Women Quilted Sling Bag","The bag is equipped with multiple compartments and pockets, providing convenient organization for your belongings.","simple","1 Item","300","80","18","15.3","15","","","","","","1","","1","","","FAS14","","in_stock","Women Quilted Sling Bag","1329","1329","","","","1","1","1","1","1","women-quilted-sling-bag","1","15","1","1","2023-09-18T07:07:58.000000Z","","","","","","","[0,0,0,0,0]","",""
"154","Solid Casual Shirt","Perfect for both formal and casual occasions, adding a touch of sophistication to any outfit.","simple","1 Item","200","79","4","4","","","","","","","1","","1","","","FAS01","","in_stock","Solid Casual Shirt","1290","1290","","","","1","1","1","1","1","solid-casual-shirt","1","15","1","1","2023-09-18T07:11:52.000000Z","1","","","","","39.98","[0,0,0,0,0]","",""
"155","Loose Fit Shirt","Choose from a range of attractive colors to suit your personal style and preferences.","simple","1 Item","200","90","5","5","","","","","","","1","","1","","","FAS02","","in_stock","Loose Fit Shirt","1294","1294","","","","1","1","1","1","1","loose-fit-shirt","1","15","1","1","2023-09-18T07:15:56.000000Z","","","","","","","[0,0,0,0,0]","",""
"156","Pointed-Toe Kitten Heeled Sandals","Our Pointed-Toe Kitten Heeled Sandals have received rave reviews from satisfied customers, attesting to their quality, comfort, and overall appeal.","simple","1 Item","230","49","19","17.48","8","","","","","","","1","1","","","FAS13","","in_stock","Pointed-Toe Kitten Heeled Sandals","1326","1326","","","","","","1","","","pointed-toe-kitten-heeled-sandals","1","15","1","1","2023-09-18T07:24:34.000000Z","","","","","","","[0,0,0,0,0]","",""
"157","Solid Lounge Tshirts","Our Solid Lounge Tshirts are made from premium fabrics, ensuring durability and long-lasting comfort.","simple","1 Item","250","70","3","2.91","3","","","","","","1","","1","","","FAS03","","in_stock","Solid Lounge Tshirts","1310","1310","","","","1","1","1","1","1","solid-lounge-tshirts","1","15","1","1","2023-09-18T07:25:09.000000Z","","","","","","","[0,0,0,0,0]","",""
"158","Solid Cotton Tshirts","These T-shirts offer a timeless and classic look that can be easily dressed up or down, making them perfect for any occasion.","simple","1 Item","200","60","3","2.85","5","","","","","","1","","1","","","FAS04","","in_stock","Solid Cotton Tshirts","1313","1313","","","","1","1","1","1","1","solid-cotton-tshirts","1","15","1","1","2023-09-18T07:29:00.000000Z","","","","","","","[0,0,0,0,0]","",""
"159","Striped Cowboy Hat","The wide brim of our hat provides excellent coverage, protecting you from harmful UV rays while outdoors.","simple","1 Item","250","59","15","14.7","2","","","","","","1","","1","","","FAS12","","in_stock","Striped Cowboy Hat","1333","1333","","","","1","1","1","1","1","striped-cowboy-hat","1","15","1","1","2023-09-18T07:33:55.000000Z","1","","","","","39.98","[0,0,0,0,0]","",""
"160","Solid Hooded Sweatshirt","Offering a combination of quality, style, and affordability, the Solid Hooded Sweatshirt provides customers with great value for their money.","classified","1 Item","350","21","6","5.64","6","1","","","","","1","","1","","","FAS05","1","in_stock","Solid Hooded Sweatshirt","1267","1267","1437","Delivery is expected within 5-7 days.","Hassle free 7, 15 and 30 days return might be available","","1","1","1","1","solid-hooded-sweatshirt","1","15","1","1","2023-09-18T07:36:38.000000Z","1","","","","","96.24","[0,0,0,0,0]","[167,174,157,158,163,154]","[178,177,175]"
"161","Relaxed Fit Hoodie","The relaxed fit and versatile design make our hoodie a perfect layering piece for any outfit, adding a touch of warmth and style.","classified","1 Item","350","8","6","5.82","3","1","","","","","1","","1","","","FAS06","1","in_stock","Relaxed Fit Hoodie","1270","1270","1437","The delivery time frame is 5-7 days.","Hassle free 7, 15 and 30 days return might be available","","1","1","1","1","relaxed-fit-hoodie","1","15","1","1","2023-09-18T07:40:17.000000Z","7","","","","","799.63","[0,0,0,0,0]","[154,156,168,169,158,113]","[157,158,166]"
"162","Chelsea Boots","The Chelsea Boots require minimal maintenance, allowing customers to spend less time cleaning and more time enjoying them.","simple","1 Item","200","50","15","14.25","5","","","","","","","1","1","","","FAS11","","in_stock","Chelsea Boots","1348","1348","","","","1","1","1","1","1","chelsea-boots","1","15","1","1","2023-09-18T07:40:27.000000Z","","","","","","","[0,0,0,0,0]","",""
"163","Women Solid Blazer","Crafted from high-quality fabric, this blazer ensures durability, comfort, and a polished appearance that customers can rely on.","simple","1 Item","400","89","10","9","10","","","","","","1","","1","","","FAS07","","in_stock","Women Solid Blazer","1243","1243","","","","1","1","1","1","1","women-solid-blazer","1","15","1","1","2023-09-18T07:43:37.000000Z","1","","","","","39.98","[0,0,0,0,0]","",""
"164","Premium Blazer","With a focus on comfort, the Premium Blazer is designed to provide a relaxed fit and ease of movement, making it a pleasure to wear for extended periods.","classified","1 Item","450","17","11","9.9","10","1","","","","","1","","1","","","FAS08","1","in_stock","Premium Blazer","1247","1247","1437","The delivery time frame is 5-7 days.","Hassle free 7, 15 and 30 days return might be available.","","1","1","1","1","premium-blazer","1","15","1","1","2023-09-18T07:48:56.000000Z","2","","","","","118.59","[0,0,0,0,0]","[170,155,160,176,152,174]","[171,170,168]"
"165","Straight Fit Flat-Front Trousers","These trousers are designed to effortlessly transition from formal to casual occasions, making them a versatile addition to any wardrobe.","simple","1 Item","200","94","15","13.5","10","","","","","","","1","1","","","FAS16","","in_stock","Straight Fit Flat-Front Trousers","1343","1343","","","","1","1","1","1","1","straight-fit-flat-front-trousers","1","15","1","1","2023-09-18T07:51:11.000000Z","","","","","","","[0,0,0,0,0]","",""
"166","Solid Polo Tshirt","Made with breathable fabric, our Solid Polo Tshirt keeps you cool and comfortable all day long.","simple","1 Item","200","59","6","5.64","6","","","","","","1","","1","","","FAS09","","in_stock","Solid Polo Tshirt","1255","1255","","","","1","1","1","1","1","solid-polo-tshirt","1","15","1","1","2023-09-18T07:52:16.000000Z","","","","","","","[0,0,0,0,0]","",""
"167","Solid Collared Tshirts","Our t-shirts are available in different sizes and carefully tailored to ensure a comfortable and flattering fit for any body type.","classified","1 Item","300","","6","6","","","","","","","1","","1","","","FAS10","","out_of_stock","Solid Collared Tshirts","1260","1260","","Expect your delivery between 5 and 7 days.","Hassle free 7, 15 and 30 days return might be available.","","1","1","1","1","solid-collared-tshirts","1","15","1","1","2023-09-18T07:54:45.000000Z","","","","","","","[0,0,0,0,0]","",""
"168","Women Flared Jeans","The flared cut of these jeans adds a timeless and retro-inspired touch to any outfit, making them a wardrobe staple.","classified","1 Item","200","12","19","17.67","7","","","","","","1","1","1","","","FAS17","1","in_stock","Women Flared Jeans","1321","1321","1445","The delivery time frame is 5-7 days.","Hassle free 7, 15 and 30 days return might be available.","","1","1","1","1","women-flared-jeans","1","15","1","1","2023-09-18T07:57:35.000000Z","2","","","","","118.59","[0,0,0,0,0]","[162,176,175,177,156,152]",""
"169","Mini Bodycon Dress","Can be layered with different items to create stylish outfits all year round.","simple","1 Item","300","5","9","8.19","9","","","","","1","1","1","1","2023-9-1","2024-10-31","FAS23","","in_stock","Mini Bodycon Dress","1275","1275","","","","1","","1","1","1","mini-bodycon-dress","1","15","1","1","2023-09-18T08:02:01.000000Z","1","","","","","39.98","[0,0,0,0,0]","",""
"170","Women Straight Fit Jeans","Despite their exceptional quality and features, our women's straight fit jeans are offered at an affordable price, providing great value for your money.","simple","1 Item","140","129","23","19.78","14","","","","","","","1","1","","","FAS18","","in_stock","Women Straight Fit Jeans","1318","1318","","","","1","1","1","1","1","women-straight-fit-jeans","1","15","1","1","2023-09-18T08:10:21.000000Z","","","","","","","[0,0,0,0,0]","",""
"171","Women Flare Bell Bottom Jeans","These jeans can be easily dressed up or down, making them suitable for various occasions, from casual outings to more formal events.","simple","1 Item","139","127","24","18","25","","","","","","","1","1","","","FAS19","","in_stock","Women Flare Bell Bottom Jeans","1339","1339","","","","1","1","1","1","1","women-flare-bell-bottom-jeans","1","15","1","1","2023-09-18T08:17:20.000000Z","","","","","","","[0,0,0,0,0]","",""
"172","Women Oversized Shirt","This shirt features a versatile design that can be easily styled with various outfits, making it suitable for different occasions.","simple","1 Item","300","50","8","7.36","8","","","","","","1","","1","","","FAS24","","in_stock","Women Oversized Shirt","1296","1296","","","","1","1","1","1","1","women-oversized-shirt","1","15","1","1","2023-09-18T08:27:31.000000Z","","","","","","","[0,0,0,0,0]","",""
"173","Men Flip Flops","Available in a wide range of sizes, our flip flops cater to men with different foot sizes, ensuring a comfortable fit for everyone.","simple","1 Pair","700","79","5","4.75","5","","","","","","1","","1","","","FAS25","","in_stock","Men Flip Flops","1250","1250","","","","1","1","1","1","1","men-flip-flops","1","15","1","1","2023-09-18T09:39:00.000000Z","","","","","","","[0,0,0,0,0]","",""
"174","Essential Sports Shoes","Featuring advanced ventilation technology, our Essential Sports Shoes offer excellent breathability to keep your feet cool and dry during intense physical activities, reducing the chances of discomfort and odors.","simple","1 Pair","800","80","10","9","10","","","","","","1","","1","","","FAS26","","in_stock","Essential Sports Shoes","1281","1280","","","","1","1","1","1","1","essential-sports-shoes","1","15","1","1","2023-09-18T09:41:38.000000Z","","","","","","","[0,0,0,0,0]","",""
"175","Long Sleeve Top","Available in a range of colors, customers can choose their preferred shade to match their personal style and preferences.","simple","1 Item","120","136","12","9.72","19","","","","","","","1","","","","FAS20","","in_stock","Long Sleeve Top","1224","1224","","","","1","1","1","1","1","long-sleeve-top","1","15","1","1","2023-09-18T09:41:42.000000Z","1","","","","","96.24","[0,0,0,0,0]","",""
"176","Women Straw Hat","Our Women Straw Hat can be easily rolled or folded, making it convenient to pack and carry while traveling.","simple","1 Item","200","70","5","4.5","10","","","","","","1","","","","","FAS27","","in_stock","Women Straw Hat","1308","1308","","","","1","1","1","1","1","women-straw-hat","1","15","1","1","2023-09-18T09:43:48.000000Z","","","","","","","[0,0,0,0,0]","",""
"177","Women Polyester Activewear","Designed to keep you dry and comfortable during workouts, our activewear features moisture-wicking technology that wicks away sweat.","simple","1 Item","167","154","26","22.36","14","","","","","","","1","1","","","FAS21","","in_stock","Women Polyester Activewear","1236","1236","","","","1","1","1","1","1","women-polyester-activewear","1","15","1","1","2023-09-18T09:59:12.000000Z","1","","","","","96.24","[0,0,0,0,0]","",""
"178","Men Gym Co-Ord Set","The breathable fabric used in our Men Gym Co-Ord Set allows for proper air circulation, keeping you cool and dry even during intense workouts.","simple","1 Item","178","","14","12.6","10","","","","","1","1","1","1","2023-9-1","2025-10-30","FAS22","1","out_of_stock","Men Gym Co-Ord Set","1263","1263","1437","Expect your delivery between 5 and 7 days","Hassle free 7, 15 and 30 days return might be available.","1","","1","1","1","men-gym-co-ord-set","1","15","19","1","2023-09-18T10:12:13.000000Z","2","","","","","136.22","[0,0,0,0,0]","[160,153,161,158,167,168]",""
